{"cameraMode":{"drawMode":0,"name":"Shaded","section":"Shading Mode"},"sceneLighting":false,"audioPlay":false,"sceneViewState":{"showFog":true,"showMaterialUpdate":true,"showSkybox":false,"showFlares":true,"showImageEffects":true,"showParticleSystems":true},"in2DMode":false,"pivot":{"x":0.0,"y":0.2651657462120056,"z":-2.9802322387695315e-8},"rotation":{"x":-0.08675562590360642,"y":0.06093880906701088,"z":-0.005277239251881838,"w":-0.9946838617324829},"size":0.3946089446544647,"orthographic":false}