{"cameraMode":{"drawMode":0,"name":"Shaded","section":"Shading Mode"},"sceneLighting":false,"audioPlay":false,"sceneViewState":{"showFog":true,"showMaterialUpdate":true,"showSkybox":false,"showFlares":true,"showImageEffects":true,"showParticleSystems":true},"in2DMode":false,"pivot":{"x":-0.606076717376709,"y":2.3965392112731935,"z":-1.251975178718567},"rotation":{"x":0.3325839340686798,"y":-0.023502908647060396,"z":0.007200290448963642,"w":0.9431400299072266},"size":1.1781980991363526,"orthographic":false}