{"cameraMode":{"drawMode":0,"name":"Shaded","section":"Shading Mode"},"sceneLighting":false,"audioPlay":false,"sceneViewState":{"showFog":true,"showMaterialUpdate":true,"showSkybox":true,"showFlares":true,"showImageEffects":true,"showParticleSystems":true},"in2DMode":false,"pivot":{"x":-24.783145904541017,"y":20.644041061401368,"z":-44.307350158691409},"rotation":{"x":0.13365952670574189,"y":-0.13937288522720338,"z":0.01641286164522171,"w":0.9814751744270325},"size":4.4526214599609379,"orthographic":false}